ISO_alpha,ID_0,Reference_date,band_0_4,band_5_9,band_10_14,band_15_19,band_20_24,band_25_29,band_30_34,band_35_39,band_40_44,band_45_49,band_50_54,band_55_59,band_60_64,band_65_69,band_70_74,band_75_79,band_80_84,band_85_89,band_90_94,band_95_99,Births,Crude_birth_rate,birth_rate,mean_age,sd_age
AFG,1,2015,0.152185944,0.150740946,0.137490008,0.117844186,0.093832626,0.075631802,0.063395437,0.051435774,0.040336961,0.03197442,0.025302835,0.019861034,0.015280084,0.011559983,0.006948288,0.003812335,0.001690955,0.000553403,0.000122979,0,1192000,0.0348,0.036647605,21.40954928,17.31907502
ALB,4,2015,0.063925363,0.053559088,0.06772633,0.089149965,0.09398756,0.079820318,0.060124395,0.053213545,0.059778853,0.064270905,0.070836213,0.065998618,0.05390463,0.040774015,0.03317208,0.02626123,0.014858328,0.006565308,0.001727713,0.000345543,35000,0.0122,0.012093988,36.39011748,22.15925706
DZA,5,2015,0.115719148,0.096230934,0.073440061,0.075885541,0.090381949,0.094768688,0.090306315,0.076793143,0.062145468,0.052867768,0.044951469,0.036455313,0.030681961,0.020143704,0.015353586,0.011849237,0.007538132,0.003327871,0.000958023,0.000201689,1014000,0.0255,0.025564099,29.15013236,20.22092213
AGO,8,2015,0.188554072,0.15726161,0.130724962,0.107265606,0.08752298,0.071976661,0.058948126,0.047837903,0.037686836,0.030013588,0.024338582,0.019582767,0.015186636,0.009831348,0.006754056,0.003956518,0.001838382,0.000599472,0.000119894,0,1187000,0.0425,0.047438254,20.37582927,17.46154149
ATG,11,2015,0.076923077,0.076923077,0.087912088,0.087912088,0.087912088,0.076923077,0.065934066,0.054945055,0.076923077,0.087912088,0.065934066,0.054945055,0.032967033,0.021978022,0.021978022,0.010989011,0.010989011,0,0,0,1000,0.0159,0.010989011,32.16483516,20.3465923
ARG,12,2015,0.085648468,0.083805575,0.082515549,0.079198341,0.079636029,0.076848652,0.073462336,0.074222529,0.062036397,0.054365354,0.050518314,0.046786455,0.041810643,0.03485372,0.027021424,0.02013361,0.014213315,0.008477309,0.003524534,0.000921447,756000,0.0175,0.017415342,33.21285418,22.37254629
ARM,13,2015,0.068588469,0.062624254,0.052683897,0.059310802,0.085155732,0.093770709,0.083830351,0.066931743,0.056328694,0.05666004,0.077866137,0.072895958,0.055003313,0.031809145,0.016898608,0.030815109,0.018223989,0.007620941,0.002650762,0.000331345,43000,0.0148,0.014247846,36.57753479,21.89563743
ABW,14,2015,0.048076923,0.067307692,0.067307692,0.076923077,0.067307692,0.048076923,0.057692308,0.067307692,0.076923077,0.076923077,0.086538462,0.076923077,0.067307692,0.048076923,0.028846154,0.019230769,0.009615385,0.009615385,0,0,1000,0.0113,0.009615385,38.10576923,21.6168196
AUS,15,2015,0.064508053,0.06354836,0.058958525,0.062046232,0.070099307,0.074856046,0.074146708,0.064257698,0.071351081,0.064299424,0.067095051,0.061044813,0.053450722,0.049653676,0.035592089,0.026412418,0.019402487,0.012559459,0.005549528,0.001168322,315000,0.0132,0.01314362,38.18167404,22.91209084
AUT,16,2015,0.047301253,0.046481677,0.048354994,0.053857862,0.063341529,0.064980681,0.06743941,0.063224447,0.070951879,0.083245522,0.080786793,0.068727315,0.053974944,0.050462475,0.049994146,0.036646763,0.024704367,0.016976935,0.007493268,0.001053741,84000,0.0097,0.009834914,42.0152207,22.85934866
AZE,17,2015,0.095355275,0.063467651,0.060391674,0.072387983,0.093202092,0.098636317,0.08951092,0.06541577,0.065620835,0.063570184,0.077514611,0.054444786,0.044191531,0.013534297,0.014149492,0.015995078,0.008612735,0.003178509,0.000717728,0.000102533,178000,0.0185,0.018250795,32.42243412,20.26371702
BHS,18,2015,0.074550129,0.06940874,0.064267352,0.079691517,0.087403599,0.084832905,0.082262211,0.06940874,0.074550129,0.066838046,0.066838046,0.053984576,0.043701799,0.030848329,0.020565553,0.015424165,0.007712082,0.005141388,0.002570694,0,5000,0.0142,0.01285347,33.76092545,20.78280175
BHR,19,2015,0.079215116,0.072674419,0.063226744,0.064680233,0.087209302,0.125726744,0.126453488,0.096656977,0.088662791,0.068313953,0.052325581,0.036337209,0.014534884,0.010174419,0.006540698,0.004360465,0.002180233,0.000726744,0,0,21000,0.0151,0.015261628,29.81976744,16.9249219
BGD,20,2015,0.095230109,0.09732342,0.101926219,0.100137276,0.094590314,0.089838436,0.083713794,0.073688264,0.061575636,0.055718093,0.045257751,0.031250582,0.020051059,0.017734131,0.013622049,0.008938499,0.005478635,0.002689625,0.000993857,0.000242253,2995000,0.0192,0.018603756,27.94730075,19.21945349
BRB,21,2015,0.059859155,0.066901408,0.066901408,0.063380282,0.063380282,0.063380282,0.066901408,0.066901408,0.070422535,0.070422535,0.073943662,0.066901408,0.056338028,0.045774648,0.035211268,0.028169014,0.021126761,0.01056338,0.003521127,0,3000,0.0108,0.01056338,38.3556338,22.75505523
BLR,22,2015,0.061710194,0.052337826,0.046545914,0.046019377,0.066764954,0.083508846,0.078559393,0.070450716,0.068239259,0.065501264,0.080349621,0.076979781,0.063184499,0.039700927,0.030012637,0.033909014,0.021377422,0.011689132,0.002843302,0.000315922,115000,0.0122,0.012110362,39.5968829,22.23531687
BEL,23,2015,0.057792725,0.057615718,0.053987079,0.054960616,0.061155855,0.063191433,0.065050004,0.065315515,0.06779361,0.071776263,0.073015311,0.067174086,0.058943269,0.054695106,0.038056465,0.034516329,0.028763607,0.017435171,0.007699796,0.001062041,126000,0.0112,0.011151429,40.9012302,23.5349254
BLZ,24,2015,0.108938547,0.106145251,0.108938547,0.106145251,0.100558659,0.089385475,0.078212291,0.06424581,0.058659218,0.05027933,0.041899441,0.030726257,0.022346369,0.01396648,0.008379888,0.005586592,0.002793296,0.002793296,0,0,8000,0.0217,0.022346369,26.16201117,18.49796934
BEN,25,2015,0.156985294,0.140073529,0.124540441,0.107720588,0.092095588,0.077481618,0.065257353,0.054411765,0.0453125,0.037408088,0.029779412,0.022886029,0.017095588,0.012408088,0.009007353,0.004871324,0.002022059,0.000551471,9.19E-05,0,397000,0.0374,0.036488971,22.49126838,18.05704597
BTN,27,2015,0.08516129,0.092903226,0.091612903,0.095483871,0.100645161,0.103225806,0.099354839,0.08,0.059354839,0.050322581,0.037419355,0.032258065,0.023225806,0.018064516,0.012903226,0.009032258,0.00516129,0.002580645,0.001290323,0,13000,0.0178,0.016774194,28.36774194,18.81489436
BOL,28,2015,0.110593062,0.108168594,0.105744125,0.100895188,0.091943305,0.082898172,0.074692279,0.064994405,0.053991048,0.044759418,0.037392764,0.031891085,0.027508392,0.020701231,0.017157777,0.011935845,0.008205893,0.004475942,0.001678478,0.000372995,248000,0.0228,0.023125699,27.65180903,20.4913166
BIH,30,2015,0.045144357,0.046194226,0.043569554,0.057742782,0.059580052,0.074540682,0.080314961,0.070866142,0.072965879,0.069291339,0.080577428,0.075590551,0.069291339,0.054855643,0.031496063,0.033858268,0.02152231,0.009711286,0.002624672,0.000262467,30000,0.0087,0.007874016,40.97637795,21.76139925
BWA,31,2015,0.117647059,0.104820876,0.097744361,0.097302079,0.097744361,0.098186643,0.092436975,0.075630252,0.056169836,0.042459089,0.033613445,0.028306059,0.022556391,0.01415303,0.01017249,0.006634233,0.003095975,0.000884564,0.000442282,0,57000,0.0264,0.025210084,26.03140203,18.34516918
BRA,33,2015,0.072324865,0.074133949,0.083828907,0.084026174,0.080201116,0.083718245,0.085719784,0.078363164,0.068899153,0.063476713,0.05939184,0.048590262,0.038909738,0.028733641,0.020135681,0.014732487,0.008641263,0.004469784,0.001428984,0.000274249,2960000,0.0145,0.014241724,32.67770881,20.60265473
BRN,36,2015,0.080378251,0.070921986,0.080378251,0.085106383,0.082742317,0.089834515,0.092198582,0.087470449,0.080378251,0.070921986,0.056737589,0.044917258,0.033096927,0.01891253,0.011820331,0.007092199,0.004728132,0.002364066,0,0,7000,0.0164,0.016548463,31.03073286,18.96572749
BGR,37,2015,0.04713946,0.049937054,0.044341866,0.044621625,0.052454889,0.067422017,0.068820814,0.073296965,0.07525528,0.070499371,0.067142258,0.069799972,0.069100574,0.066862498,0.050216814,0.038606798,0.027696181,0.012868933,0.003636872,0.000279759,66000,0.0092,0.00923206,42.67212198,22.69842012
BFA,38,2015,0.173634506,0.152261556,0.129784061,0.108742475,0.090683161,0.075495665,0.063345667,0.05119567,0.039984536,0.032197493,0.025073176,0.019329541,0.01430386,0.010493179,0.007234771,0.00403159,0.001656818,0.000497045,5.52E-05,0,716000,0.0394,0.039542718,20.97746728,17.41319477
BDI,39,2015,0.184452992,0.147777082,0.115842204,0.099114411,0.093299937,0.084444047,0.067447893,0.048931031,0.035513015,0.031129797,0.026836032,0.023347348,0.01717506,0.010108239,0.006887915,0.004293765,0.002325789,0.000894534,0.000178907,0,417000,0.0409,0.037302084,21.31433939,17.83505598
CPV,43,2015,0.103646833,0.097888676,0.094049904,0.103646833,0.111324376,0.103646833,0.086372361,0.063339731,0.049904031,0.046065259,0.044145873,0.028790787,0.021113244,0.009596929,0.011516315,0.013435701,0.007677543,0.003838772,0,0,11000,0.0208,0.021113244,27.11516315,19.10638417
KHM,40,2015,0.11375016,0.106624727,0.095711901,0.100975735,0.1050199,0.082295545,0.108486327,0.041789703,0.053280267,0.04897933,0.044100655,0.031454615,0.026383361,0.017332135,0.011683143,0.007125433,0.003594813,0.001155476,0.000256772,0,368000,0.0237,0.023623058,26.62093979,18.96953225
CMR,41,2015,0.160133659,0.141112967,0.124020049,0.107526882,0.095231975,0.082680033,0.068028959,0.052778135,0.041297177,0.03260078,0.025832155,0.020348713,0.016364649,0.01276614,0.009167631,0.005783318,0.002955918,0.001070985,0.000257036,4.28E-05,862000,0.037,0.036927559,22.18999272,18.04961388
CAN,42,2015,0.054043524,0.054182668,0.051511104,0.058857906,0.069377192,0.068180553,0.070295542,0.06639951,0.065230701,0.067429176,0.078310235,0.073134079,0.061835587,0.053765236,0.038208939,0.027467023,0.02059331,0.013636111,0.006066678,0.001474926,386000,0.0107,0.010741916,40.20740803,22.73967
CAF,46,2015,0.14451929,0.126760563,0.119412125,0.10920596,0.09614207,0.086344152,0.071851398,0.055929782,0.043274138,0.034292713,0.028985507,0.024903041,0.020004082,0.015309247,0.011226781,0.006940192,0.003470096,0.00122474,0.000204123,0,165000,0.0365,0.033680343,23.65543989,18.60804435
TCD,47,2015,0.187504453,0.156728646,0.132934388,0.111277338,0.091116335,0.073092541,0.05827456,0.045665028,0.035406426,0.027427513,0.022440692,0.018664957,0.015031702,0.010044881,0.007124029,0.004345658,0.002065969,0.000712403,0.000142481,0,618000,0.0437,0.044026501,20.19548337,17.3744934
CHL,48,2015,0.065206487,0.066878448,0.069442122,0.073677757,0.078860837,0.080867191,0.07401215,0.069832247,0.070333835,0.071727136,0.065596611,0.056902413,0.04698211,0.035668506,0.027698824,0.019283286,0.013542886,0.008304074,0.003845511,0.001337569,241000,0.0134,0.013431422,35.63289305,21.81939985
CHN,49,2015,0.060454942,0.057148983,0.054718023,0.057361919,0.077135901,0.0938125,0.072220203,0.069199855,0.086549419,0.089771076,0.072234738,0.057364099,0.056547965,0.037180959,0.02452907,0.017555233,0.010363372,0.004316134,0.001265988,0.000269622,17451000,0.0124,0.012682413,36.61723474,20.61281843
COL,53,2015,0.077513271,0.080976277,0.08439781,0.08439781,0.08705209,0.084895488,0.081556901,0.073677007,0.065403119,0.066274054,0.058207532,0.047383046,0.037968646,0.02726858,0.017874917,0.011902787,0.007423689,0.003898474,0.001555242,0.000373258,742000,0.0155,0.01538653,31.81378567,20.44289075
COM,54,2015,0.151015228,0.133248731,0.118020305,0.104060914,0.093908629,0.083756345,0.072335025,0.057106599,0.045685279,0.038071066,0.031725888,0.025380711,0.017766497,0.01142132,0.007614213,0.005076142,0.002538071,0.001269036,0,0,26000,0.0333,0.032994924,23.10406091,18.1081588
COD,63,2015,0.179580427,0.15193674,0.128408547,0.106109824,0.088599568,0.072978814,0.059312273,0.048001139,0.03960191,0.032561571,0.026297739,0.020823357,0.016138426,0.012501779,0.008606297,0.005086128,0.002420117,0.000828275,0.000181185,2.59E-05,3271000,0.0428,0.04233263,21.24840492,18.05976385
COG,185,2015,0.164356864,0.142052837,0.119965353,0.100909485,0.084668688,0.07492421,0.066912083,0.057600693,0.046123863,0.035946297,0.028367259,0.02295366,0.01862278,0.014291901,0.01039411,0.006712863,0.003464703,0.001299264,0.000433088,0,168000,0.0345,0.036379385,22.86076223,18.77993335
CRI,56,2015,0.072825635,0.074906367,0.075322514,0.082605077,0.085934249,0.086142322,0.081148564,0.071993342,0.063462339,0.064918851,0.062005826,0.051186017,0.03849355,0.032043279,0.02247191,0.015813566,0.010195589,0.005617978,0.002288806,0.00062422,72000,0.0148,0.014981273,33.27861007,21.09427317
CIV,57,2015,0.161534734,0.139068763,0.124179552,0.110567816,0.092242632,0.075371129,0.06255231,0.053301617,0.043874719,0.035945553,0.029337915,0.023567244,0.018193031,0.013699837,0.00907449,0.004889652,0.001982292,0.000528611,8.81E-05,0,848000,0.0364,0.037355183,22.39800009,18.17911203
HRV,58,2015,0.048809243,0.051167178,0.048809243,0.05682622,0.055175666,0.06295685,0.068144306,0.069087479,0.068851686,0.065550578,0.072388588,0.072860174,0.070030653,0.058712568,0.040556473,0.041971233,0.029002594,0.013911813,0.004480075,0.00070738,39000,0.0093,0.009195944,42.04480075,23.03919283
CUB,59,2015,0.051633298,0.053916403,0.057604496,0.060765718,0.064190376,0.070951879,0.060151036,0.059711978,0.087021426,0.092026695,0.089392343,0.058394802,0.054706709,0.042061819,0.035124693,0.027309449,0.017825782,0.010537408,0.005005269,0.001668423,122000,0.0108,0.010713031,39.46663154,22.05107174
CUW,60,2015,0.06918239,0.056603774,0.062893082,0.062893082,0.062893082,0.062893082,0.056603774,0.056603774,0.062893082,0.075471698,0.081761006,0.075471698,0.062893082,0.050314465,0.037735849,0.025157233,0.018867925,0.012578616,0.006289308,0,2000,0.0119,0.012578616,39.2327044,23.11883301
CYP,61,2015,0.056652361,0.054935622,0.054077253,0.065236052,0.084120172,0.081545064,0.089270386,0.078111588,0.069527897,0.064377682,0.062660944,0.060085837,0.051502146,0.042918455,0.032618026,0.024034335,0.016309013,0.008583691,0.002575107,0.000858369,13000,0.011,0.011158798,37.35622318,21.65228863
CZE,62,2015,0.051029119,0.053969458,0.045432989,0.042966897,0.057763445,0.065920516,0.070662999,0.08735654,0.082234658,0.066299915,0.063549274,0.063454425,0.068671156,0.064308072,0.046476335,0.029308546,0.02247937,0.012709855,0.004932182,0.000474248,111000,0.0105,0.010528313,41.4090866,22.48318395
DNK,64,2015,0.052046577,0.058574453,0.058221595,0.063161609,0.067925194,0.060691602,0.055045872,0.06298518,0.06686662,0.075864502,0.068983769,0.062808751,0.057515879,0.066690191,0.047988709,0.033168666,0.02099506,0.013055752,0.005822159,0.001587862,59000,0.0104,0.010409315,40.64326041,23.31936187
DJI,65,2015,0.114994363,0.108229989,0.104847802,0.100338219,0.101465614,0.096956032,0.073280722,0.068771139,0.054114994,0.046223224,0.03945885,0.029312289,0.020293123,0.018038331,0.012401353,0.006764374,0.003382187,0.001127396,0,0,21000,0.0229,0.02367531,26.11499436,18.73479152
DOM,66,2015,0.100912201,0.100627138,0.098156594,0.092645382,0.089604713,0.082193082,0.07459141,0.065564424,0.059103003,0.053116686,0.047130369,0.039433675,0.030596731,0.022329913,0.016153554,0.012447739,0.008171798,0.004465983,0.001995439,0.000760167,209000,0.0203,0.019859369,29.17027746,20.73898636
ECU,68,2015,0.099733631,0.097131884,0.093353156,0.092857585,0.089326643,0.083999257,0.075574552,0.067955151,0.06151273,0.05420306,0.046150034,0.039026203,0.032212104,0.022486527,0.017778604,0.012389271,0.007929133,0.004274298,0.001672552,0.000433624,332000,0.0204,0.02056619,29.45524376,20.65993152
EGY,69,2015,0.132406618,0.10468166,0.094518392,0.085917863,0.087218324,0.091207134,0.080377243,0.066913645,0.053023845,0.047035167,0.042325093,0.035287304,0.026894411,0.022348261,0.013146679,0.00890652,0.005059778,0.002076367,0.000557341,9.84E-05,2600000,0.0282,0.028413437,27.12512841,19.93779457
SLV,70,2015,0.084897959,0.088979592,0.096489796,0.104326531,0.098285714,0.081959184,0.069877551,0.064653061,0.05877551,0.052081633,0.046040816,0.039020408,0.032979592,0.025959184,0.02155102,0.016653061,0.010612245,0.004897959,0.001632653,0.000326531,119000,0.0187,0.019428571,30.35836735,21.06130365
GNQ,71,2015,0.151300236,0.130023641,0.111111111,0.09929078,0.091016548,0.080378251,0.060283688,0.044917258,0.046099291,0.04964539,0.047281324,0.036643026,0.022458629,0.011820331,0.008274232,0.004728132,0.003546099,0.001182033,0,0,41000,0.0348,0.048463357,24.35224586,19.11824073
ERI,72,2015,0.155891354,0.146901301,0.125095639,0.100229533,0.091048202,0.090474369,0.078615149,0.057383321,0.039020658,0.029265493,0.024100995,0.020084162,0.015493497,0.012433053,0.007459832,0.004016832,0.0017215,0.000573833,0.000191278,0,108000,0.0322,0.020657995,21.89097169,17.43464051
EST,73,2015,0.054919908,0.058733791,0.047292143,0.041952708,0.061022121,0.074752098,0.070175439,0.067124333,0.071700992,0.061784897,0.069412662,0.068649886,0.064836003,0.049580473,0.045003814,0.041189931,0.028985507,0.016781083,0.005339436,0.000762777,14000,0.0105,0.010678871,41.48512586,23.36862527
ETH,74,2015,0.146916189,0.136955428,0.130536271,0.11823121,0.097635577,0.077241171,0.065328504,0.050920616,0.042277895,0.033283026,0.026219942,0.022094778,0.017526914,0.014216722,0.009900392,0.005956334,0.003229701,0.001217426,0.000271657,4.02E-05,3396000,0.0336,0.034168427,22.61007144,18.20564889
FJI,77,2015,0.098876404,0.098876404,0.08988764,0.086516854,0.086516854,0.079775281,0.079775281,0.069662921,0.058426966,0.056179775,0.056179775,0.047191011,0.034831461,0.025842697,0.016853933,0.008988764,0.004494382,0.001123596,0,0,19000,0.022,0.021348315,29.59550562,20.15123667
FIN,78,2015,0.055242595,0.055787752,0.05233509,0.055242595,0.063419953,0.061239324,0.064510267,0.064691986,0.054515719,0.066145739,0.067962929,0.067236053,0.067054334,0.074141377,0.043612575,0.035798655,0.026530983,0.016718154,0.006541886,0.001272033,55000,0.0101,0.009994548,41.71651826,23.70317296
FRA,79,2015,0.061001942,0.061933981,0.061965049,0.059075728,0.056745631,0.060613592,0.06201165,0.060163107,0.06735534,0.066827184,0.066920388,0.063300971,0.061141748,0.05888932,0.037778641,0.034066019,0.029390291,0.01943301,0.00991068,0.001475728,758000,0.0118,0.011774757,40.69172816,24.16008659
GUF,80,2015,0.122222222,0.114814815,0.103703704,0.088888889,0.077777778,0.066666667,0.066666667,0.07037037,0.066666667,0.059259259,0.048148148,0.037037037,0.02962963,0.018518519,0.014814815,0.007407407,0.003703704,0.003703704,0,0,7000,0.026,0.025925926,27.59259259,20.14808007
PYF,81,2015,0.081560284,0.060283688,0.081560284,0.081560284,0.088652482,0.085106383,0.074468085,0.070921986,0.070921986,0.074468085,0.063829787,0.053191489,0.039007092,0.028368794,0.021276596,0.014184397,0.007092199,0.003546099,0,0,4000,0.0155,0.014184397,32.86879433,20.43950991
GAB,83,2015,0.13871155,0.123041207,0.109692397,0.102147417,0.094022055,0.084155543,0.071387115,0.058038305,0.04759141,0.040046431,0.032501451,0.026117237,0.021474173,0.017411492,0.013929193,0.009866512,0.006384214,0.002901915,0.000580383,0,64000,0.0329,0.037144515,25.11375508,19.67185391
GMB,84,2015,0.183827223,0.151180311,0.126569563,0.106479156,0.08940231,0.075339026,0.064289302,0.052235058,0.037669513,0.032144651,0.024610748,0.019085886,0.014063285,0.009040683,0.007533903,0.004018081,0.002009041,0.00050226,0,0,83000,0.0397,0.041687594,20.74434957,17.41249016
GEO,85,2015,0.068784392,0.057278639,0.047523762,0.06128064,0.075537769,0.081290645,0.073786893,0.070785393,0.066783392,0.066033017,0.072786393,0.065782891,0.052276138,0.036768384,0.031015508,0.035767884,0.019009505,0.013756878,0.003251626,0.00050025,57000,0.0141,0.014257129,38.22561281,22.62669017
DEU,86,2015,0.04194816,0.042059724,0.044873622,0.049881618,0.054505336,0.063194952,0.064099862,0.058695194,0.060467826,0.083660795,0.085656556,0.075119932,0.063591625,0.051046845,0.052906249,0.051864982,0.029378587,0.018519666,0.007412825,0.001115643,737000,0.009,0.009135873,44.07689256,23.07060102
GHA,87,2015,0.147969793,0.127467075,0.112691985,0.101054321,0.093502608,0.082156798,0.071978403,0.060669074,0.050162344,0.041370253,0.03254168,0.025719602,0.018751596,0.014483237,0.009156908,0.005946518,0.003100945,0.001094451,0.000182409,0,856000,0.0307,0.031228339,23.90762832,18.56165523
GRC,89,2015,0.04866691,0.04903214,0.04830168,0.046658145,0.054967129,0.053780131,0.071402484,0.072680789,0.076059167,0.074598247,0.068845873,0.064919649,0.056336742,0.059897736,0.043371074,0.046292915,0.036705625,0.01990504,0.006208912,0.001369613,89000,0.0084,0.00812637,43.06875457,23.45716927
GRD,91,2015,0.093457944,0.08411215,0.08411215,0.093457944,0.093457944,0.102803738,0.08411215,0.065420561,0.056074766,0.046728972,0.056074766,0.037383178,0.028037383,0.018691589,0.018691589,0.018691589,0.009345794,0.009345794,0,0,2000,0.0171,0.018691589,30.27102804,20.76912252
GLP,92,2015,0.066523605,0.077253219,0.077253219,0.068669528,0.055793991,0.051502146,0.049356223,0.064377682,0.070815451,0.077253219,0.077253219,0.064377682,0.055793991,0.045064378,0.034334764,0.025751073,0.019313305,0.010729614,0.006437768,0.002145923,5000,0.0121,0.010729614,37.89055794,23.43859746
GUM,93,2015,0.081871345,0.081871345,0.087719298,0.087719298,0.081871345,0.076023392,0.064327485,0.058479532,0.064327485,0.064327485,0.064327485,0.052631579,0.040935673,0.035087719,0.023391813,0.01754386,0.011695906,0.005847953,0,0,3000,0.017,0.01754386,32.81871345,21.6748136
GTM,94,2015,0.127822309,0.120663281,0.117726244,0.110016521,0.097044606,0.082665361,0.073548308,0.059842134,0.047604479,0.037691978,0.030471762,0.02484244,0.021599462,0.017438659,0.012237655,0.008933488,0.005935263,0.002814661,0.000917824,0.000183565,417000,0.0256,0.025515511,24.99975525,19.32417156
GIN,97,2015,0.162277919,0.140228426,0.122858503,0.106995558,0.091529188,0.076855964,0.063689721,0.052109772,0.042354061,0.035057107,0.02990165,0.025222081,0.020304569,0.013245558,0.009200508,0.005234772,0.002220812,0.000634518,7.93E-05,0,432000,0.0376,0.034263959,22.52982234,18.35834777
GNB,96,2015,0.156639566,0.133875339,0.117615176,0.104607046,0.093766938,0.081300813,0.069918699,0.054742547,0.044444444,0.035772358,0.029810298,0.024932249,0.021138211,0.014092141,0.009756098,0.004878049,0.002168022,0.000542005,0,0,64000,0.0368,0.034688347,23.03794038,18.34459882
GUY,98,2015,0.087581699,0.083660131,0.117647059,0.124183007,0.094117647,0.054901961,0.052287582,0.054901961,0.064052288,0.070588235,0.062745098,0.050980392,0.032679739,0.022222222,0.013071895,0.009150327,0.003921569,0.00130719,0,0,16000,0.0206,0.020915033,29.31372549,20.00342147
HTI,99,2015,0.115571322,0.113144137,0.108663181,0.104648992,0.097367438,0.090085885,0.08103062,0.061333084,0.047890217,0.042849141,0.037154593,0.029779686,0.024178491,0.016803585,0.013536221,0.008868559,0.004574309,0.001867065,0.000560119,9.34E-05,274000,0.0256,0.02557879,26.07813667,19.22380957
HND,101,2015,0.101102713,0.106182629,0.110519143,0.111634246,0.104448024,0.091314583,0.078181142,0.064180399,0.05154256,0.043860736,0.035931111,0.029240491,0.023417173,0.016602651,0.012018337,0.008920828,0.006071119,0.00322141,0.001362904,0.000247801,205000,0.0224,0.025399579,26.61466981,19.21631366
HKG,102,2015,0.050507823,0.033626132,0.035547626,0.049684326,0.062311282,0.066154268,0.075075487,0.07727148,0.078643975,0.081526215,0.089349437,0.083584957,0.066428767,0.048998079,0.030332144,0.028136152,0.022646171,0.013313203,0.004940983,0.001921493,79000,0.0109,0.010842712,41.97941257,21.54987357
HUN,103,2015,0.046981228,0.049822425,0.048807712,0.050634196,0.061491629,0.066057839,0.069609335,0.087366819,0.076509386,0.068087265,0.057940132,0.06768138,0.070928463,0.054490107,0.046473871,0.03348554,0.024454592,0.013191273,0.005276509,0.000710299,91000,0.0093,0.009233891,41.45002537,22.56670396
ISL,104,2015,0.070121951,0.070121951,0.06402439,0.067073171,0.076219512,0.067073171,0.073170732,0.06402439,0.06402439,0.06402439,0.067073171,0.06402439,0.054878049,0.045731707,0.030487805,0.021341463,0.018292683,0.012195122,0.006097561,0,4000,0.0129,0.012195122,37,22.87292574
IND,105,2015,0.094362261,0.096844294,0.0966803,0.094085378,0.090152568,0.086051188,0.07949142,0.069631936,0.061798353,0.054246992,0.047517128,0.04025638,0.032740107,0.022149895,0.015338415,0.010064667,0.005424775,0.002300495,0.000712421,0.000151027,24414000,0.0186,0.018622113,29.08218092,19.93707825
IDN,106,2015,0.09653598,0.089003813,0.091387705,0.089054286,0.081564827,0.077558025,0.083121734,0.077193064,0.071807953,0.063701167,0.053505564,0.0432789,0.030551867,0.02074452,0.014730434,0.009551098,0.004433884,0.001851981,0.000380491,4.27E-05,4947000,0.0192,0.019207026,29.73425428,19.74878125
IRN,107,2015,0.086653689,0.080838853,0.068602417,0.069259746,0.089586388,0.115765789,0.114350003,0.085174698,0.063583961,0.056315417,0.048199929,0.039490317,0.031577084,0.018658037,0.012767356,0.009923143,0.006029732,0.002452344,0.000682611,8.85E-05,1501000,0.0191,0.018974061,30.3921348,19.05377254
IRQ,108,2015,0.157244447,0.136569562,0.116004503,0.104719805,0.090854178,0.079432196,0.068367151,0.059718294,0.050163367,0.040251503,0.02685264,0.019961012,0.019302051,0.011119958,0.00911562,0.005820818,0.003047692,0.001125724,0.000274567,5.49E-05,1094000,0.0311,0.030037616,22.94107795,18.28224271
IRL,109,2015,0.0753147,0.075741412,0.0665671,0.057392789,0.053979091,0.062940047,0.077661617,0.081715383,0.078728398,0.066140388,0.064646896,0.055472584,0.052272242,0.045658204,0.033070194,0.024322594,0.015361639,0.008320888,0.00384041,0.000853424,67000,0.0143,0.014294858,36.76317474,22.59246994
ISR,111,2015,0.103174603,0.091889881,0.083333333,0.077380952,0.070808532,0.069940476,0.069320437,0.067832341,0.062251984,0.052703373,0.048115079,0.045014881,0.046006944,0.038566468,0.02405754,0.01922123,0.015625,0.009796627,0.004092262,0.000868056,168000,0.021,0.020833333,32.74156746,23.01377
ITA,112,2015,0.04299744,0.047129879,0.047029496,0.04684546,0.049037158,0.05166385,0.056565893,0.066436901,0.07826538,0.081193221,0.07859999,0.068427833,0.062020043,0.060932559,0.048920045,0.045841629,0.033979689,0.02179987,0.010222349,0.002091315,496000,0.0082,0.008298339,44.41546904,23.44381686
JAM,113,2015,0.073065903,0.078080229,0.084885387,0.09777937,0.09491404,0.087034384,0.074140401,0.063395415,0.061246418,0.058739255,0.054083095,0.04512894,0.036532951,0.027936963,0.021489971,0.017191977,0.012535817,0.00752149,0.003223496,0.001074499,48000,0.0166,0.017191977,32.33846705,21.43286938
JPN,114,2015,0.041647565,0.042675119,0.044295493,0.047117315,0.048310859,0.054088876,0.058934189,0.065968984,0.076592314,0.068158465,0.062151224,0.059558626,0.067431272,0.074719003,0.061416128,0.049781052,0.039047062,0.024629685,0.010583809,0.00289296,1018000,0.008,0.00804654,45.65256019,23.93182572
JOR,116,2015,0.129049249,0.117987885,0.10824335,0.099552278,0.090334475,0.083618646,0.080194891,0.068606795,0.060310772,0.047932578,0.035686068,0.024097972,0.016592046,0.013695022,0.01132473,0.007505926,0.003687121,0.001316829,0.000263366,0,220000,0.0243,0.02897024,25.22096392,18.649298
KAZ,117,2015,0.110531094,0.091863368,0.064798003,0.064287335,0.085508398,0.095778484,0.07728098,0.068713118,0.064571039,0.057308216,0.063266001,0.049364503,0.039434862,0.021164321,0.016965502,0.018213799,0.006638675,0.003461189,0.000737631,0.000113482,392000,0.0224,0.022242397,31.13753972,20.9846022
KEN,118,2015,0.155606705,0.140862503,0.122600539,0.103057413,0.09152697,0.087292626,0.074676453,0.057825936,0.042365152,0.031464432,0.025688352,0.02164944,0.017349952,0.011812733,0.007122383,0.004885781,0.002822896,0.001085729,0.000260575,4.34E-05,1468000,0.0307,0.031877009,22.3583992,17.83518673
KIR,119,2015,0.132743363,0.123893805,0.097345133,0.10619469,0.088495575,0.088495575,0.07079646,0.053097345,0.044247788,0.053097345,0.044247788,0.03539823,0.026548673,0.017699115,0.008849558,0.008849558,0,0,0,0,3000,0.029,0.026548673,25.49557522,19.07002647
PRK,166,2015,0.069446653,0.067975831,0.074256639,0.077635554,0.079861663,0.074773414,0.072587057,0.059508666,0.087573541,0.087096518,0.061138496,0.062967085,0.029813961,0.035339482,0.029376689,0.019120687,0.008149149,0.002703132,0.000596279,7.95E-05,350000,0.0139,0.013913182,34.43560184,20.89522381
KOR,213,2015,0.045476238,0.045177968,0.04927421,0.06486379,0.070053689,0.065002983,0.074030622,0.076754822,0.083754225,0.083734341,0.081865182,0.074627162,0.054145953,0.042075959,0.033843707,0.027361304,0.016941738,0.007735136,0.002744084,0.000536886,416000,0.0082,0.008272022,39.65669119,21.20679448
KWT,121,2015,0.089391215,0.07654765,0.057282302,0.057282302,0.077061392,0.115335217,0.140765476,0.119188287,0.091189314,0.067814025,0.04315438,0.030567686,0.014641665,0.00976111,0.004880555,0.003082456,0.001798099,0.000256871,0,0,61000,0.0161,0.01566915,29.42358079,16.6201308
KGZ,122,2015,0.131291028,0.101329742,0.081299445,0.087527352,0.095943444,0.099141559,0.073893284,0.060764181,0.056556135,0.050496549,0.051843124,0.039218987,0.028446389,0.01380239,0.009089379,0.01009931,0.006564551,0.002188184,0.000504965,0,162000,0.0273,0.027268137,27.41154688,19.77026261
LAO,123,2015,0.123346075,0.117024405,0.107468392,0.110702734,0.111290797,0.092325787,0.071008527,0.056601,0.04792708,0.04028227,0.034401647,0.027932961,0.021758306,0.015289621,0.010585122,0.006909732,0.003528374,0.00132314,0.000294031,0,167000,0.0247,0.024551602,24.93149074,18.57776109
LVA,124,2015,0.048198884,0.054287164,0.046676814,0.040588534,0.063419584,0.074581431,0.067478437,0.064434297,0.069507864,0.065956367,0.075596144,0.072552004,0.062912227,0.048198884,0.051750381,0.043632674,0.02891933,0.015728057,0.005073567,0.000507357,21000,0.0105,0.01065449,42.23592085,23.12217234
LBN,125,2015,0.078776487,0.075017088,0.086124402,0.095181135,0.09962406,0.092959672,0.082194122,0.066985646,0.057416268,0.056561859,0.052973342,0.041695147,0.033151059,0.027170198,0.022043746,0.017088175,0.010082023,0.003759398,0.00102529,0.000170882,111000,0.0177,0.018967874,31.38909774,20.66247744
LSO,126,2015,0.13027179,0.116682287,0.113870665,0.11715089,0.111059044,0.101218369,0.083880037,0.057169634,0.035613871,0.025773196,0.022492971,0.022492971,0.02108716,0.015932521,0.010309278,0.007966261,0.004686036,0.001874414,0.000468604,0,57000,0.0278,0.026710403,23.89081537,18.27553304
LBR,127,2015,0.155604883,0.141398446,0.125860155,0.105882353,0.086792453,0.076581576,0.067258602,0.055937847,0.04572697,0.036847947,0.029744728,0.023751387,0.018201998,0.012652608,0.00954495,0.005327414,0.002219756,0.000665927,0,0,154000,0.0343,0.03418424,22.67702553,18.2420224
LBY,128,2015,0.103360408,0.103519669,0.091415831,0.081860169,0.07740086,0.084726867,0.085363911,0.085841695,0.076763816,0.062111801,0.044752349,0.032807772,0.024526198,0.016722408,0.012900143,0.008759357,0.004777831,0.001911132,0.000477783,0,132000,0.0205,0.021022456,28.50501672,19.31160228
LTU,130,2015,0.052777778,0.046180556,0.046180556,0.055555556,0.071875,0.065972222,0.057986111,0.059722222,0.069791667,0.069444444,0.082291667,0.072222222,0.061458333,0.045486111,0.047569444,0.042013889,0.032291667,0.015972222,0.004513889,0.000694444,31000,0.0105,0.010763889,41.984375,23.21827508
LUX,131,2015,0.056338028,0.052816901,0.054577465,0.059859155,0.063380282,0.070422535,0.079225352,0.073943662,0.077464789,0.082746479,0.073943662,0.063380282,0.051056338,0.042253521,0.031690141,0.026408451,0.021126761,0.012323944,0.00528169,0.001760563,6000,0.0109,0.01056338,39.09507042,22.19499318
MAC,132,2015,0.056027165,0.039049236,0.033955857,0.050933786,0.076400679,0.100169779,0.098471986,0.076400679,0.079796265,0.078098472,0.084889643,0.076400679,0.057724958,0.039049236,0.020373514,0.013582343,0.010186757,0.006791171,0.001697793,0,7000,0.0114,0.01188455,38.10356537,19.84800831
MKD,133,2015,0.05536832,0.053923929,0.060182956,0.065479056,0.072701011,0.075108329,0.079441502,0.075589793,0.071738084,0.072219547,0.067404911,0.065479056,0.062108811,0.043331728,0.032739528,0.02503611,0.014443909,0.006259027,0.001444391,0,23000,0.0112,0.011073664,37.83533943,21.51603276
MDG,134,2015,0.15556014,0.137322055,0.124200536,0.11157417,0.093872498,0.077367444,0.060821126,0.055952135,0.046379204,0.03693006,0.029750361,0.023726016,0.018196823,0.011512276,0.007798638,0.005075304,0.002682071,0.000990303,0.000247576,4.13E-05,811000,0.0334,0.033463998,22.59789561,18.12768651
MWI,135,2015,0.17159454,0.151786233,0.128202149,0.11060122,0.095498112,0.081556782,0.063781586,0.049898344,0.035782748,0.025559105,0.019575951,0.016845774,0.014928841,0.014231775,0.010165553,0.006041243,0.002846355,0.000929422,0.000174267,0,6.00E+05,0.0358,0.034853326,21.1033982,17.80951906
MYS,136,2015,0.081665623,0.076819096,0.086578088,0.091457585,0.095908476,0.09640302,0.090963041,0.070950513,0.06349939,0.058191289,0.052124889,0.043651709,0.033266295,0.024892025,0.01533085,0.010517293,0.005176222,0.001978174,0.000560483,6.59E-05,516000,0.017,0.017012298,30.4426824,19.57357974
MDV,137,2015,0.102209945,0.091160221,0.082872928,0.08839779,0.104972376,0.110497238,0.096685083,0.069060773,0.05801105,0.049723757,0.044198895,0.033149171,0.022099448,0.013812155,0.013812155,0.011049724,0.005524862,0.002762431,0,0,7000,0.0164,0.019337017,28.07734807,18.98529776
MLI,138,2015,0.185852273,0.159261364,0.130170455,0.105681818,0.086534091,0.071022727,0.060397727,0.050340909,0.040170455,0.030056818,0.022443182,0.017954545,0.014886364,0.010454545,0.007897727,0.004261364,0.001931818,0.000568182,0.000113636,0,756000,0.0432,0.042954545,20.490625,17.5294046
MLT,139,2015,0.045563549,0.047961631,0.052757794,0.06235012,0.067146283,0.06235012,0.064748201,0.079136691,0.067146283,0.06235012,0.067146283,0.067146283,0.06235012,0.069544365,0.050359712,0.038369305,0.016786571,0.011990408,0.004796163,0,4000,0.0097,0.009592326,41.31654676,22.67644463
MTQ,141,2015,0.050377834,0.055415617,0.065491184,0.060453401,0.060453401,0.055415617,0.035264484,0.037783375,0.060453401,0.083123426,0.093198992,0.080604534,0.070528967,0.057934509,0.037783375,0.040302267,0.0302267,0.01511335,0.007556675,0.002518892,4000,0.0106,0.010075567,42.35264484,23.85412372
MRT,142,2015,0.147811117,0.133300541,0.119035908,0.104525332,0.090752582,0.078209543,0.06787998,0.05902607,0.049680275,0.040580423,0.03271028,0.025577964,0.018691589,0.013526808,0.009345794,0.005656665,0.002705362,0.000737826,0.000245942,0,142000,0.035,0.034923758,23.53344811,18.47023337
MUS,143,2015,0.055642633,0.063479624,0.074451411,0.076802508,0.082288401,0.073667712,0.071316614,0.079937304,0.068965517,0.068965517,0.074451411,0.062695925,0.051724138,0.039184953,0.023510972,0.015673981,0.010188088,0.004702194,0.001567398,0.000783699,13000,0.0106,0.010188088,35.57366771,20.9773739
MYT,144,2015,0.146443515,0.146443515,0.125523013,0.10460251,0.079497908,0.071129707,0.066945607,0.062761506,0.054393305,0.037656904,0.029288703,0.020920502,0.016736402,0.012552301,0.008368201,0.008368201,0.0041841,0.0041841,0,0,7000,0.0298,0.029288703,23.33891213,18.86658157
MEX,145,2015,0.09146884,0.091390103,0.093224676,0.09380733,0.089461045,0.083122712,0.07744577,0.073201842,0.067745364,0.057974096,0.046769812,0.038604779,0.031203496,0.021605449,0.01670013,0.011298768,0.007889453,0.00459037,0.001984174,0.000511791,2262000,0.0186,0.017810322,29.87094996,20.39309082
FSM,146,2015,0.113207547,0.113207547,0.113207547,0.122641509,0.113207547,0.094339623,0.075471698,0.037735849,0.028301887,0.037735849,0.037735849,0.037735849,0.028301887,0.018867925,0.009433962,0.009433962,0.009433962,0,0,0,3000,0.0232,0.028301887,25.58490566,19.37410639
MDA,147,2015,0.054791155,0.053071253,0.049385749,0.05970516,0.081572482,0.104668305,0.088206388,0.074938575,0.065110565,0.059213759,0.075184275,0.068550369,0.066093366,0.02972973,0.026535627,0.021130221,0.014004914,0.006388206,0.001474201,0.0002457,43000,0.0106,0.010565111,37.13022113,20.89449913
MNG,149,2015,0.11422778,0.093950659,0.07401149,0.07739101,0.091584995,0.104765123,0.086515715,0.076039202,0.069280162,0.059479554,0.052720514,0.036160865,0.023318689,0.014869888,0.011490368,0.007772896,0.004393376,0.00168976,0.000337952,0,77000,0.0258,0.026022305,28.42953701,19.08168048
MNE,150,2015,0.059011164,0.063795853,0.063795853,0.068580542,0.068580542,0.066985646,0.074960128,0.068580542,0.066985646,0.063795853,0.068580542,0.063795853,0.06539075,0.044657097,0.031897927,0.031897927,0.019138756,0.007974482,0.001594896,0,7000,0.0118,0.011164274,37.97288676,22.44456361
MAR,152,2015,0.09951421,0.089769323,0.082962446,0.086540419,0.090322018,0.085987724,0.081827966,0.069319603,0.060767374,0.056345813,0.053902318,0.046280944,0.034790703,0.020973325,0.01707537,0.012508363,0.007155947,0.003141635,0.00072723,8.73E-05,703000,0.0203,0.020449719,30.11792768,20.41991611
MOZ,153,2015,0.172135249,0.150260919,0.130638359,0.109907785,0.09007077,0.073164629,0.060940739,0.04782329,0.036421474,0.030059332,0.025734506,0.021659876,0.017692473,0.013653585,0.009686182,0.005933233,0.002930874,0.001036529,0.000214454,3.57E-05,1048000,0.0386,0.037458003,21.54374866,18.28392697
MMR,154,2015,0.084695449,0.092543461,0.098257853,0.092450695,0.085752982,0.080187016,0.078647099,0.074602497,0.067923338,0.060743242,0.051633611,0.043748493,0.035214011,0.021373309,0.014768363,0.009721887,0.005250561,0.002003748,0.000426724,5.57E-05,949000,0.018,0.017607006,29.85960778,19.81514352
NAM,155,2015,0.137398374,0.118699187,0.110569106,0.108130081,0.102439024,0.086585366,0.070731707,0.060569106,0.050813008,0.041056911,0.032926829,0.025609756,0.019105691,0.014227642,0.010162602,0.006097561,0.003252033,0.001219512,0.000406504,0,69000,0.0299,0.02804878,24.35162602,18.48885451
NPL,157,2015,0.098453229,0.110097857,0.11809477,0.114201536,0.095015959,0.079723615,0.068043913,0.060292519,0.053312756,0.045701659,0.039177861,0.031777209,0.030654835,0.022868367,0.016028901,0.009785697,0.004629792,0.001753709,0.000350742,3.51E-05,572000,0.0208,0.020062432,27.1211813,19.74976414
NLD,158,2015,0.052298783,0.054367096,0.058621912,0.058681007,0.060512942,0.060808415,0.059331048,0.059153764,0.067545207,0.077650396,0.076586692,0.069495332,0.062817634,0.062226687,0.043730056,0.03226569,0.023460584,0.013591774,0.005732183,0.001122799,174000,0.0103,0.010282473,41.11623922,23.13343712
NCL,159,2015,0.076628352,0.072796935,0.072796935,0.076628352,0.084291188,0.076628352,0.068965517,0.068965517,0.072796935,0.068965517,0.0651341,0.053639847,0.042145594,0.034482759,0.026819923,0.019157088,0.011494253,0.007662835,0,0,4000,0.0154,0.01532567,34.20306513,21.54548228
NZL,160,2015,0.068242049,0.068683746,0.065371025,0.068021201,0.071113074,0.062720848,0.061174912,0.058083039,0.070008834,0.067579505,0.072438163,0.063383392,0.054770318,0.050795053,0.036439929,0.025618375,0.017226148,0.012367491,0.004858657,0.00110424,60000,0.0131,0.013250883,37.85689046,23.16796703
NIC,161,2015,0.099671053,0.101480263,0.099342105,0.099177632,0.097203947,0.092763158,0.084210526,0.070394737,0.057730263,0.046381579,0.039144737,0.035032895,0.026809211,0.015625,0.013486842,0.009868421,0.006414474,0.003453947,0.001480263,0.000328947,136000,0.0219,0.022368421,27.80180921,19.57427731
NER,162,2015,0.208291457,0.164824121,0.131507538,0.102361809,0.076180905,0.061055276,0.051105528,0.044673367,0.036532663,0.029849246,0.029045226,0.022512563,0.016281407,0.011859296,0.007738693,0.004020101,0.001658291,0.000452261,5.03E-05,0,953000,0.0475,0.047889447,20.08291457,18.05026927
NGA,163,2015,0.170738133,0.145376311,0.123774032,0.103368221,0.086930512,0.075070114,0.06516907,0.054565512,0.043967443,0.034900633,0.028534108,0.022826188,0.017409154,0.012914167,0.008325878,0.00420959,0.001525771,0.000345768,4.39E-05,5.49E-06,7137000,0.0394,0.039170595,21.94517105,18.01197598
NOR,169,2015,0.06044905,0.060640952,0.058530033,0.062751871,0.068317022,0.068508923,0.067357513,0.064670889,0.072730762,0.072922664,0.064287085,0.061216657,0.054308194,0.057762426,0.037228939,0.026098637,0.020341585,0.013625024,0.006716561,0.001535214,59000,0.0114,0.011322203,39.0773364,23.07276099
OMN,170,2015,0.085707925,0.068121104,0.051202137,0.054764025,0.107747106,0.164959929,0.151380232,0.097284061,0.066562778,0.051202137,0.032724844,0.024487979,0.017809439,0.010463045,0.00779163,0.004007124,0.002003562,0.00111309,0.000445236,0.000222618,87000,0.0207,0.019367765,28.75979519,16.31763832
PAK,171,2015,0.130548469,0.116394779,0.103156792,0.102198744,0.096969184,0.088876068,0.073473212,0.060753946,0.050638874,0.043927252,0.037485576,0.02954596,0.021114087,0.017049003,0.013142712,0.008262494,0.004319151,0.001667319,0.000418153,5.82E-05,5820000,0.0291,0.030805712,25.5851074,19.24663746
PSE,173,2015,0.150632098,0.132633383,0.118920077,0.113563317,0.103706878,0.082065567,0.065566745,0.055281766,0.044996786,0.037497322,0.029569316,0.020569959,0.015427469,0.012427684,0.008356546,0.00514249,0.002571245,0.000857082,0.00021427,0,142000,0.0312,0.030426398,22.68245125,17.85714203
PAN,174,2015,0.093686354,0.090631365,0.087321792,0.087321792,0.08197556,0.079175153,0.075356415,0.072301426,0.068228106,0.060590631,0.051934827,0.042260692,0.033095723,0.025458248,0.019348269,0.013747454,0.009164969,0.00509165,0.002545825,0.000763747,79000,0.0199,0.020112016,30.91675153,21.0823824
PNG,175,2015,0.130725817,0.124425778,0.116288227,0.106575666,0.090825568,0.078487991,0.072319202,0.065231658,0.058669117,0.043969025,0.034518966,0.02716892,0.020606379,0.013650085,0.008531303,0.00472503,0.002231264,0.000787505,0.000262502,0,227000,0.028,0.029793936,24.50492191,18.33991143
PRY,177,2015,0.101521313,0.100918813,0.098960687,0.103178189,0.098207561,0.091128182,0.0798313,0.063413165,0.050610032,0.046241904,0.040819401,0.035246272,0.029823769,0.021840639,0.01566501,0.011146257,0.006476879,0.003464377,0.001205001,0.00030125,142000,0.0212,0.021388763,28.07471005,20.07125784
PER,178,2015,0.096258048,0.092560719,0.090170205,0.088512781,0.089564608,0.086409129,0.077898897,0.07232103,0.063077708,0.056448014,0.048320265,0.038885702,0.031427296,0.023713903,0.017466692,0.01274941,0.008127749,0.004366673,0.001370562,0.000350609,569000,0.0185,0.018136036,29.91387773,20.56019131
PHL,179,2015,0.111767627,0.105779543,0.101936445,0.100536246,0.095134062,0.081320755,0.071876862,0.065948361,0.058699106,0.053167825,0.044726912,0.036405164,0.026901688,0.019404171,0.012085402,0.008391261,0.004220457,0.001400199,0.000268123,2.98E-05,2269000,0.0223,0.022532274,27.26996028,19.48294804
POL,181,2015,0.051647327,0.05208765,0.045741815,0.051414215,0.064416701,0.075631993,0.085837132,0.079776212,0.06874223,0.059029217,0.0625,0.076590344,0.071358268,0.05358993,0.031521964,0.02991608,0.022326979,0.012562163,0.004610443,0.000699337,378000,0.0099,0.009790717,40.32936179,22.29644061
PRT,182,2015,0.042415459,0.047246377,0.050917874,0.052657005,0.052173913,0.05468599,0.063574879,0.074009662,0.078647343,0.072850242,0.073043478,0.067246377,0.062705314,0.057874396,0.048695652,0.042125604,0.03236715,0.019130435,0.006376812,0.001256039,84000,0.0081,0.008115942,43.21932367,23.14262048
PRI,183,2015,0.060038033,0.06193969,0.067101331,0.07470796,0.076066286,0.071719641,0.07063298,0.07063298,0.066829666,0.064928009,0.063026352,0.056506384,0.051616409,0.046726433,0.034773159,0.02607987,0.01792991,0.011138278,0.005704971,0.001901657,30000,0.0089,0.008149959,37.4604727,22.77713206
QAT,184,2015,0.059060403,0.050111857,0.046085011,0.049217002,0.096644295,0.174944072,0.171812081,0.116778523,0.091722595,0.061744966,0.036689038,0.022818792,0.010738255,0.004474273,0.003579418,0.002684564,0.000447427,0.000447427,0,0,25000,0.01,0.011185682,29.99552573,14.41196302
REU,186,2015,0.075493612,0.078977933,0.081300813,0.077816492,0.073170732,0.06504065,0.056910569,0.06155633,0.068524971,0.078977933,0.072009292,0.058072009,0.048780488,0.034843206,0.025551684,0.019744483,0.012775842,0.005807201,0.003484321,0.00116144,14000,0.0157,0.016260163,34.81649245,22.22639833
ROU,187,2015,0.047357901,0.053815796,0.054020809,0.054020809,0.050740608,0.06514274,0.063143868,0.077853519,0.07933986,0.083030086,0.056429706,0.071036851,0.070985598,0.054892112,0.038081082,0.03884988,0.025216545,0.012146994,0.003485213,0.000410025,195000,0.0098,0.009994362,41.32960894,22.58337395
RUS,188,2015,0.063896383,0.055335968,0.048295237,0.04408474,0.062320932,0.087758189,0.08319217,0.074415654,0.069438345,0.059386132,0.076611526,0.075029104,0.066615081,0.040724707,0.027751636,0.03453444,0.017643655,0.010477445,0.002202843,0.000285812,1899000,0.0131,0.01323797,39.07286809,22.10318474
RWA,189,2015,0.146007408,0.141700405,0.122835731,0.105779998,0.087173745,0.09458179,0.077870618,0.05444052,0.03996899,0.030149022,0.031527263,0.022568697,0.017486433,0.011542769,0.007924886,0.003876303,0.003359462,0.000689121,0.0004307,8.61E-05,373000,0.0326,0.032130244,22.66543199,17.84697383
LCA,194,2015,0.075675676,0.075675676,0.081081081,0.086486486,0.086486486,0.075675676,0.075675676,0.07027027,0.07027027,0.07027027,0.059459459,0.048648649,0.037837838,0.027027027,0.021621622,0.016216216,0.010810811,0.005405405,0.005405405,0,2000,0.0124,0.010810811,33.02702703,21.28377949
VCT,196,2015,0.081081081,0.081081081,0.081081081,0.09009009,0.09009009,0.081081081,0.072072072,0.072072072,0.063063063,0.063063063,0.063063063,0.054054054,0.036036036,0.027027027,0.018018018,0.018018018,0.009009009,0,0,0,2000,0.0148,0.018018018,31.81981982,20.54360259
WSM,197,2015,0.124352332,0.129533679,0.119170984,0.10880829,0.088082902,0.062176166,0.056994819,0.051813472,0.051813472,0.051813472,0.041450777,0.03626943,0.025906736,0.015544041,0.015544041,0.010362694,0.005181347,0.005181347,0,0,5000,0.0254,0.025906736,26.06735751,20.3571892
STP,199,2015,0.157068063,0.141361257,0.130890052,0.104712042,0.089005236,0.083769634,0.062827225,0.062827225,0.041884817,0.036649215,0.02617801,0.020942408,0.015706806,0.010471204,0.005235602,0.005235602,0.005235602,0,0,0,7000,0.033,0.036649215,22.13089005,17.77134109
SAU,200,2015,0.10022194,0.098287888,0.087285986,0.080247305,0.076030438,0.087064046,0.092136969,0.094927077,0.08928345,0.065187064,0.046892834,0.032244769,0.021559924,0.011192137,0.007672796,0.005104629,0.002885225,0.001299937,0.000412175,6.34E-05,612000,0.0194,0.019403932,28.30009512,18.28096144
SEN,201,2015,0.171944206,0.143518212,0.122165664,0.104515105,0.091822569,0.079592781,0.066173068,0.054141601,0.042440669,0.032458518,0.025649501,0.020360944,0.015865671,0.011568718,0.008858333,0.005552985,0.002512065,0.000727177,0.000132214,0,530000,0.0363,0.035036689,21.78911879,17.95694094
SRB,202,2015,0.050960452,0.05299435,0.058983051,0.062711864,0.063615819,0.067570621,0.064632768,0.070282486,0.070621469,0.067118644,0.063389831,0.062824859,0.073559322,0.062146893,0.037740113,0.033898305,0.023615819,0.010508475,0.00259887,0.000225989,85000,0.0096,0.00960452,40.30112994,22.7348571
SYC,203,2015,0.081632653,0.081632653,0.071428571,0.071428571,0.071428571,0.081632653,0.081632653,0.081632653,0.081632653,0.071428571,0.06122449,0.051020408,0.040816327,0.020408163,0.020408163,0.010204082,0.010204082,0.010204082,0,0,2000,0.0172,0.020408163,32.96938776,20.77157304
SLE,204,2015,0.155562442,0.1427022,0.125193678,0.108304927,0.092035947,0.079795476,0.067709947,0.055469476,0.044313604,0.034707158,0.027889681,0.022311745,0.017353579,0.013015184,0.008211962,0.003873567,0.001239541,0.000309885,0,0,252000,0.0351,0.039045553,22.23241401,17.74099797
SGP,205,2015,0.048018565,0.050874688,0.056586933,0.06372724,0.068011424,0.064262763,0.070867547,0.077472331,0.082470546,0.080149946,0.082827562,0.076401285,0.061763656,0.04605498,0.026419136,0.020528383,0.01303106,0.006604784,0.00303463,0.000892538,51000,0.0091,0.009103891,38.87968583,21.10122874
SVK,207,2015,0.052156285,0.051603391,0.047548839,0.05252488,0.066531515,0.075930704,0.082381128,0.087357169,0.076667895,0.064319941,0.067637302,0.070033174,0.066900111,0.04828603,0.035200885,0.024511611,0.017508293,0.009030593,0.003501659,0.000368596,57000,0.0105,0.010504976,39.44747512,21.65259298
SVN,208,2015,0.053675048,0.050290135,0.044003868,0.045454545,0.050773694,0.063346228,0.07205029,0.07688588,0.070599613,0.074468085,0.073984526,0.073017408,0.07205029,0.049323017,0.044970986,0.035783366,0.028046422,0.015473888,0.005319149,0.000483559,21000,0.0102,0.010154739,42.15957447,22.79860252
SLB,209,2015,0.140651801,0.133790738,0.121783877,0.10806175,0.089193825,0.073756432,0.068610635,0.063464837,0.054888508,0.039451115,0.030874786,0.024013722,0.017152659,0.013722127,0.010291595,0.005145798,0.003430532,0.001715266,0,0,20000,0.0336,0.034305317,23.69811321,18.47388718
SOM,210,2015,0.182736881,0.154830336,0.129519748,0.111440757,0.087706286,0.070183571,0.056647506,0.04607825,0.038104951,0.031615057,0.025681439,0.020767662,0.016410161,0.012052661,0.007880586,0.00500649,0.002317819,0.000834415,0.000185426,0,586000,0.0423,0.054329687,20.90320786,17.94702671
ZAF,211,2015,0.098548384,0.101154319,0.092694206,0.09684168,0.09662146,0.098236406,0.085041566,0.064506065,0.05701859,0.051274522,0.045071663,0.035767374,0.026903525,0.018571874,0.012772751,0.009377695,0.005487145,0.003468463,0.00055055,9.18E-05,1201000,0.0217,0.022040337,28.10238388,19.49135259
SSD,214,2015,0.158534609,0.13924461,0.123115578,0.10982331,0.093856379,0.078051548,0.062570919,0.052439617,0.043524072,0.036310585,0.028772897,0.022450964,0.016696385,0.014183822,0.010293402,0.006078781,0.002836764,0.000972605,0.000243151,0,383000,0.0361,0.031042308,22.59572054,18.3854981
ESP,215,2015,0.046495489,0.052849584,0.049488203,0.045346114,0.048447259,0.053413428,0.066143303,0.083904407,0.085704372,0.080369535,0.076509368,0.067661346,0.055950729,0.051049618,0.042938931,0.034741499,0.031141568,0.018628557,0.007546842,0.001669847,421000,0.009,0.009129944,42.45541291,22.8857396
LKA,217,2015,0.079318335,0.084435647,0.082021821,0.076518297,0.07410447,0.069952689,0.073235493,0.074876895,0.065897461,0.063918123,0.060780149,0.055662837,0.046345467,0.039683306,0.024572753,0.013517428,0.008689775,0.00458627,0.001544849,0.000337936,347000,0.0166,0.016751955,33.40170899,21.51563353
SDN,218,2015,0.147919877,0.134450022,0.122645261,0.106988419,0.092226254,0.077787166,0.067771758,0.05810428,0.047890054,0.038421393,0.030294746,0.023758636,0.01844028,0.013693524,0.009369253,0.005790546,0.002957403,0.001143198,0.000298226,4.97E-05,1298000,0.0333,0.032258065,23.27752373,18.42421261
SUR,219,2015,0.088073394,0.089908257,0.089908257,0.088073394,0.078899083,0.082568807,0.07706422,0.064220183,0.067889908,0.064220183,0.062385321,0.04587156,0.033027523,0.023853211,0.018348624,0.012844037,0.00733945,0.003669725,0.001834862,0,11000,0.0193,0.020183486,30.96330275,20.66283576
SWZ,221,2015,0.134421134,0.124320124,0.114996115,0.114219114,0.116550117,0.104118104,0.074592075,0.048174048,0.034965035,0.02952603,0.026418026,0.023310023,0.019425019,0.014763015,0.01010101,0.006216006,0.003108003,0.000777001,0,0,31000,0.0276,0.024087024,23.28593629,17.87782884
SWE,222,2015,0.060358056,0.05943734,0.053094629,0.051662404,0.07140665,0.067212276,0.062404092,0.061278772,0.064450128,0.072225064,0.062097187,0.059232737,0.055959079,0.065370844,0.049207161,0.033861893,0.02455243,0.01657289,0.007877238,0.00173913,117000,0.012,0.011969309,40.75703325,23.8226567
CHE,223,2015,0.050988428,0.048818708,0.047974928,0.052434908,0.06147541,0.067140791,0.071359691,0.067261331,0.070998071,0.081605593,0.078471553,0.066055931,0.055207329,0.053640309,0.043635487,0.032907425,0.025192864,0.016393443,0.006991321,0.00144648,86000,0.0104,0.010366442,41.47926712,22.82274268
SYR,224,2015,0.118467276,0.126574069,0.126195752,0.115332649,0.084472788,0.074366319,0.07090742,0.060260498,0.048694806,0.042479598,0.037777658,0.030049181,0.023725882,0.015024591,0.01124142,0.007512295,0.004647895,0.001783495,0.000432362,5.40E-05,463000,0.025,0.025022969,25.12868184,19.15284202
TWN,225,2015,0.04166132,0.041917961,0.052654091,0.064502331,0.069164635,0.066512682,0.083065999,0.085076351,0.076179477,0.078532016,0.080499594,0.074126353,0.064545105,0.037127336,0.029984174,0.023225972,0.016638864,0.010180076,0.003635741,0.000769922,201000,0.0085,0.008597459,39.62607468,21.04629515
TJK,226,2015,0.138630202,0.110927738,0.098785807,0.102440174,0.099846752,0.099021573,0.07261582,0.056583756,0.050689615,0.045738536,0.043734528,0.0308853,0.02004008,0.009548509,0.007898149,0.006601438,0.003300719,0.002004008,0.000589414,0.000117883,272000,0.0321,0.032064128,25.05139691,18.63011468
TZA,227,2015,0.175758823,0.149969142,0.126236652,0.103626265,0.088234744,0.074919115,0.063473659,0.05232743,0.041031587,0.031699426,0.024854594,0.020141759,0.015690748,0.01267977,0.008920723,0.005797535,0.003067083,0.001271717,0.000261824,3.74E-05,1954000,0.0379,0.036543173,21.56368873,18.18958613
THA,228,2015,0.055905465,0.059393119,0.061821232,0.064793831,0.067074786,0.068399211,0.073976514,0.081349148,0.083247491,0.082806016,0.076242752,0.067148365,0.053183036,0.037245784,0.026164759,0.020278424,0.012376019,0.006121788,0.00201607,0.000456191,744000,0.0108,0.010948583,37.26613592,21.06999308
TLS,229,2015,0.172297297,0.125844595,0.126689189,0.107263514,0.090371622,0.071790541,0.059966216,0.039695946,0.043918919,0.037162162,0.030405405,0.022804054,0.016047297,0.029560811,0.015202703,0.006756757,0.003378378,0.000844595,0,0,35000,0.0293,0.029560811,23.2964527,19.58145119
TGO,230,2015,0.158773611,0.141390638,0.122091432,0.103750342,0.091294826,0.081439912,0.069805639,0.057350123,0.045168355,0.035039693,0.027648508,0.021762935,0.016835478,0.012455516,0.008212428,0.004516835,0.001779359,0.000547495,0.000136874,0,253000,0.0345,0.034629072,22.34492198,17.865616
TON,232,2015,0.121495327,0.121495327,0.121495327,0.102803738,0.093457944,0.065420561,0.065420561,0.056074766,0.056074766,0.046728972,0.037383178,0.037383178,0.018691589,0.018691589,0.018691589,0.009345794,0.009345794,0,0,0,3000,0.0254,0.028037383,26.1588785,20.0406827
TTO,233,2015,0.070640177,0.070640177,0.066225166,0.063281825,0.071376012,0.08535688,0.093451067,0.075791023,0.067696836,0.06254599,0.071376012,0.059602649,0.047829286,0.036055923,0.025754231,0.016188374,0.009565857,0.004415011,0.00147167,0.000735835,19000,0.014,0.013980868,34.92494481,21.08531226
TUN,234,2015,0.087281131,0.076082126,0.070304862,0.073504577,0.082570438,0.090391965,0.085859035,0.075104435,0.065860812,0.065949693,0.059905786,0.050573282,0.040796374,0.025419963,0.019198293,0.015554173,0.010310195,0.003999644,0.001155453,0.000177762,209000,0.0187,0.018576127,32.57683761,20.80090521
TUR,235,2015,0.08670726,0.084787776,0.085207266,0.08509286,0.08080898,0.081101351,0.081241181,0.076588659,0.06859293,0.059453138,0.052487066,0.045711671,0.036838827,0.026249889,0.020046525,0.014720277,0.009648264,0.00372456,0.000877115,0.000114406,1313000,0.0167,0.016690607,31.47366748,20.78526354
TKM,236,2015,0.098269123,0.09268565,0.09138284,0.087102178,0.103108133,0.099199702,0.082449283,0.070351759,0.061418202,0.054159687,0.050623488,0.040573237,0.026986786,0.01581984,0.008933557,0.009119672,0.004652894,0.002419505,0.000558347,0.000186116,144000,0.026,0.02680067,28.42099386,19.14088992
UGA,239,2015,0.186467167,0.159539853,0.134918398,0.111116805,0.091850068,0.07447926,0.060439138,0.047731291,0.035868925,0.025928108,0.018856806,0.015090569,0.012861572,0.009992058,0.007199406,0.004099306,0.002433963,0.000896723,0.000204965,2.56E-05,1566000,0.0407,0.040121954,19.89513464,17.08474446
UKR,240,2015,0.054908523,0.053391343,0.040986167,0.047233378,0.061825078,0.080075859,0.081414547,0.075256582,0.070705042,0.063141455,0.076037483,0.069321731,0.072668452,0.040138331,0.037193217,0.042012494,0.018049978,0.012248996,0.003012048,0.000379295,463000,0.0103,0.01033021,40.50011156,22.28051007
ARE,241,2015,0.053631895,0.047187329,0.038558165,0.04675041,0.080283998,0.135335882,0.149863463,0.143528127,0.12321136,0.079300928,0.051993446,0.026870563,0.012124522,0.006444566,0.002621518,0.001201529,0.00076461,0.00021846,0.00010923,0,101000,0.0108,0.011032223,31.91534681,14.65779093
GBR,242,2015,0.062722186,0.061439303,0.053633806,0.058456212,0.065334323,0.06854926,0.06720455,0.062212124,0.065643451,0.072923429,0.071887848,0.060140963,0.052474574,0.056601441,0.041593249,0.032489412,0.023741074,0.014219914,0.007032675,0.001700207,791000,0.012,0.012226035,39.82203468,23.4768475
USA,244,2015,0.061239905,0.064136996,0.064168081,0.064410541,0.072393084,0.068355186,0.068485741,0.061314508,0.064640568,0.06410902,0.07132688,0.068787263,0.058958291,0.049825615,0.035523559,0.024933013,0.018458076,0.012054634,0.005396298,0.001482739,3900000,0.0122,0.012123021,38.3666219,22.96622052
URY,245,2015,0.070221445,0.071386946,0.072843823,0.075174825,0.076340326,0.070804196,0.065559441,0.069347319,0.065268065,0.058566434,0.058566434,0.054778555,0.046911422,0.040792541,0.033799534,0.027097902,0.021270396,0.013403263,0.006118881,0.001748252,48000,0.0141,0.013986014,36.51340326,23.37266114
UZB,246,2015,0.106891937,0.094948143,0.083372365,0.08885915,0.09949816,0.100568752,0.083171629,0.067346939,0.058982937,0.050986952,0.050184008,0.041083975,0.027601204,0.015991971,0.009668786,0.010672466,0.005754433,0.003211777,0.000970224,0.000234192,701000,0.0226,0.02345266,28.43609903,19.58449319
VUT,247,2015,0.133079848,0.125475285,0.106463878,0.098859316,0.087452471,0.087452471,0.076045627,0.060836502,0.049429658,0.045627376,0.038022814,0.02661597,0.022813688,0.015209125,0.015209125,0.007604563,0.003802281,0,0,0,8000,0.0308,0.030418251,25.21292776,19.10149757
VEN,249,2015,0.09516155,0.09397203,0.091946632,0.089374699,0.087927986,0.085581096,0.076836521,0.069152869,0.061083427,0.059218775,0.054139206,0.041697476,0.031345443,0.023468896,0.016621122,0.010962868,0.006397685,0.003247066,0.001382414,0.000482238,558000,0.019,0.017939238,29.81192734,20.36843549
VNM,250,2015,0.082858794,0.077292773,0.070806217,0.074638209,0.094226323,0.092738483,0.084913941,0.076489981,0.071073814,0.064276845,0.058518154,0.049516184,0.035472684,0.020273163,0.014664326,0.012405806,0.01024362,0.005790803,0.002847234,0.000952646,1600000,0.0173,0.01712622,32.08787892,20.5015383
VIR,251,2015,0.066666667,0.066666667,0.066666667,0.066666667,0.066666667,0.047619048,0.047619048,0.057142857,0.057142857,0.066666667,0.076190476,0.076190476,0.066666667,0.066666667,0.047619048,0.028571429,0.019047619,0.00952381,0,0,1000,0.0127,0.00952381,39.38095238,23.43273289
ESH,253,2015,0.087412587,0.087412587,0.082167832,0.076923077,0.085664336,0.090909091,0.094405594,0.092657343,0.083916084,0.06993007,0.054195804,0.04020979,0.026223776,0.013986014,0.006993007,0.005244755,0.001748252,0,0,0,11000,0.0214,0.019230769,29.40384615,18.10370821
YEM,254,2015,0.146269658,0.134754416,0.121599463,0.112543788,0.108407245,0.090072296,0.071066557,0.054073191,0.037191623,0.029291198,0.025303719,0.022732354,0.018856674,0.013005888,0.007825893,0.003950212,0.002049639,0.000782589,0.000186331,3.73E-05,853000,0.0322,0.03178803,22.4153313,17.57234234
ZMB,255,2015,0.17585739,0.153466568,0.129842092,0.108438194,0.092030595,0.078953861,0.064520109,0.052677029,0.038798421,0.027448803,0.019738465,0.01572909,0.01344683,0.011349618,0.008388848,0.005304713,0.002714039,0.000986923,0.000246731,6.17E-05,602000,0.038,0.037132988,20.78392549,17.49537335
ZWE,256,2015,0.160546049,0.137858104,0.117605589,0.106966609,0.102095751,0.094661283,0.08049734,0.057553035,0.036787797,0.024995193,0.019803884,0.016727552,0.014292123,0.009869897,0.008652182,0.005832212,0.003332692,0.001474075,0.000384541,6.41E-05,467000,0.034,0.029930142,21.78882266,17.44251813
